[
    {
      "constant": false,
      "inputs": [
        { "name": "spender", "type": "address" },
        { "name": "amount", "type": "uint256" }
      ],
      "name": "approve",
      "outputs": [{ "name": "", "type": "bool" }],
      "type": "function"
    },
    {
      "constant": false,
      "inputs": [
        { "name": "sender", "type": "address" },
        { "name": "recipient", "type": "address" },
        { "name": "amount", "type": "uint256" }
      ],
      "name": "transferFrom",
      "outputs": [{ "name": "", "type": "bool" }],
      "type": "function"
    },
    {
      "constant": false,
      "inputs": [
        { "name": "recipient", "type": "address" },
        { "name": "amount", "type": "uint256" }
      ],
      "name": "transfer",
      "outputs": [{ "name": "", "type": "bool" }],
      "type": "function"
    }
  ]
  