[
  {
    "coin": "bitcoin",
    "network": "ethereum",
    "currency": "ngn",
    "coinPrice": 154881764,
    "amount": "1",
    "bill": "154881764.00",
    "charges": 7744088.2,
    "total": 162626334.01,
    "address": "dcdvdvd",
    "reference": "BUY-271337342",
    "status": "confirmed",
    "createdAt": "2025-05-01T13:13:24.489Z"
  },
  {
    "reference": "BUY-271337342",
    "status": "pending",
    "amount": 100,
    "address": "0x123",
    "network": "Ethereum",
    "total": "1000"
  },
  {
    "coin": "bitcoin",
    "network": "ethereum",
    "currency": "ngn",
    "coinPrice": 154920701,
    "amount": "1",
    "bill": "154920701.00",
    "charges": 7746035.050000001,
    "total": 162667217.88000003,
    "address": "aaaaaaaaa",
    "reference": "BUY-860729343",
    "status": "confirmed",
    "createdAt": "2025-05-01T13:16:59.006Z"
  },
  {
    "coin": "bitcoin",
    "network": "ethereum",
    "currency": "usd",
    "coinPrice": 96117,
    "amount": "1",
    "bill": "96117.00",
    "charges": 4805.85,
    "total": 100923.15000000001,
    "address": "0x12mnsk3402di-+ccm9sc",
    "reference": "BUY-75199609",
    "status": "confirmed",
    "createdAt": "2025-05-01T13:56:25.084Z"
  },
  {
    "coin": "bitcoin",
    "network": "ethereum",
    "currency": "ngn",
    "coinPrice": 154182219,
    "amount": "1",
    "bill": "154182219.00",
    "charges": 7709110.95,
    "total": 161891811.75,
    "address": "sdsdsdsdsdsd",
    "reference": "BUY-4028854",
    "status": "confirmed",
    "createdAt": "2025-05-01T13:58:41.631Z"
  },
  {
    "coin": "bitcoin",
    "network": "polygon",
    "currency": "jpy",
    "coinPrice": 13868740,
    "amount": "1",
    "bill": "13868740.00",
    "charges": 693437,
    "total": 14562179.89,
    "address": "sdsdsdsdsssdsssssdsdsd",
    "reference": "BUY-732205458",
    "status": "confirmed",
    "createdAt": "2025-05-01T14:00:41.397Z"
  },
  {
    "coin": "bitcoin",
    "network": "ethereum",
    "currency": "ngn",
    "coinPrice": 154633483,
    "amount": "1",
    "bill": "154633483.00",
    "charges": 7731674.15,
    "total": 162365638.95000002,
    "address": "dcvdcccd",
    "reference": "BUY-358903483",
    "status": "confirmed",
    "createdAt": "2025-05-01T14:21:15.309Z"
  },
  {
    "coin": "ethereum",
    "network": "ethereum",
    "currency": "ngn",
    "coinPrice": 2953638,
    "amount": "1",
    "bill": "2953638.00",
    "charges": 147681.9,
    "total": 3101801.6999999997,
    "address": "cssc",
    "reference": "BUY-768545275",
    "status": "confirmed",
    "createdAt": "2025-05-01T14:21:40.950Z"
  },
  {
    "coin": "litecoin",
    "network": "ethereum",
    "currency": "ngn",
    "coinPrice": 139524,
    "amount": "1",
    "bill": "139524.00",
    "charges": 6976.200000000001,
    "total": 146982,
    "address": "sxssscscs",
    "reference": "BUY-790271191",
    "status": "confirmed",
    "createdAt": "2025-05-01T14:23:05.751Z"
  },
  {
    "coin": "bitcoin",
    "network": "ethereum",
    "currency": "ngn",
    "coinPrice": 155086577,
    "amount": "1",
    "bill": "155086577.00",
    "charges": 7754328.850000001,
    "total": 162841387.6,
    "address": "cxcfdvsgfhb",
    "reference": "BUY-237075713",
    "status": "confirmed",
    "createdAt": "2025-05-01T14:44:26.077Z"
  },
  {
    "coin": "the-open-network",
    "network": "ethereum",
    "currency": "ngn",
    "coinPrice": 5138.88,
    "amount": "1",
    "bill": "5138.88",
    "charges": 256.944,
    "total": 5877.5740000000005,
    "address": "xcdcdcdvcdvdv",
    "reference": "BUY-659428809",
    "status": "confirmed",
    "createdAt": "2025-05-01T14:45:18.976Z"
  },
  {
    "coin": "bitcoin",
    "network": "ethereum",
    "currency": "ngn",
    "coinPrice": 155038568,
    "amount": "1",
    "bill": "155038568.00",
    "charges": 7751928.4,
    "total": 162790977.71,
    "address": "sdvddvdfdfdf",
    "reference": "BUY-617700339",
    "status": "confirmed",
    "createdAt": "2025-05-01T14:57:22.487Z"
  },
  {
    "coin": "bitcoin",
    "network": "ethereum",
    "currency": "ngn",
    "coinPrice": 155038568,
    "amount": "11",
    "bill": "1705424248.00",
    "charges": 85271212.4,
    "total": 1790695941.71,
    "address": "dsdcdc",
    "reference": "BUY-654146055",
    "status": "confirmed",
    "createdAt": "2025-05-01T14:58:24.582Z"
  },
  {
    "coin": "bitcoin",
    "network": "ethereum",
    "currency": "ngn",
    "coinPrice": 155120525,
    "amount": "1",
    "bill": "155120525.00",
    "charges": 7756026.25,
    "total": 162877032.56,
    "address": "xcsdgcbfbdvcb",
    "reference": "BUY-11716592",
    "status": "confirmed",
    "createdAt": "2025-05-01T14:59:30.951Z"
  },
  {
    "coin": "bitcoin",
    "network": "ethereum",
    "currency": "ngn",
    "coinPrice": 155120525,
    "amount": "1",
    "bill": "155120525.00",
    "charges": 7756026.25,
    "total": 162877032.56,
    "address": "cdbfhghcmjhjhgb",
    "reference": "BUY-184648371",
    "status": "confirmed",
    "createdAt": "2025-05-01T14:59:45.644Z"
  },
  {
    "coin": "bitcoin",
    "network": "ethereum",
    "currency": "ngn",
    "coinPrice": 155432806,
    "amount": "1",
    "bill": "155432806.00",
    "charges": 7771640.300000001,
    "total": 163204927.61,
    "address": "cxvvdvdvdxv",
    "reference": "BUY-265766837",
    "status": "confirmed",
    "createdAt": "2025-05-01T15:00:38.935Z"
  },
  {
    "coin": "bitcoin",
    "network": "ethereum",
    "currency": "ngn",
    "coinPrice": 155483610,
    "amount": "1",
    "bill": "155483610.00",
    "charges": 7774180.5,
    "total": 163258272.48,
    "address": "tftgbhnjhfdcfvgbhjnbgfdsdfghj",
    "reference": "BUY-763466089",
    "status": "confirmed",
    "createdAt": "2025-05-01T15:04:41.222Z"
  },
  {
    "coin": "bitcoin",
    "network": "ethereum",
    "currency": "ngn",
    "coinPrice": 155624275,
    "amount": "1",
    "bill": "155624275.00",
    "charges": 7781213.75,
    "total": 163405970.73,
    "address": "sdxsscsfsfsfsfsfs",
    "reference": "BUY-173991250",
    "status": "confirmed",
    "createdAt": "2025-05-01T15:09:20.440Z"
  },
  {
    "coin": "bitcoin",
    "network": "ethereum",
    "currency": "ngn",
    "coinPrice": 155996731,
    "amount": "1",
    "bill": "155996731.00",
    "charges": 7799836.550000001,
    "total": 163797049.45000002,
    "address": "cdvdffbj,lkjhgfdsfghjkljhgfd",
    "reference": "BUY-784098123",
    "status": "confirmed",
    "createdAt": "2025-05-01T15:14:27.841Z"
  },
  {
    "coin": "bitcoin",
    "network": "ethereum",
    "currency": "ngn",
    "coinPrice": 156132913,
    "amount": "1",
    "bill": "156132913.00",
    "charges": 7806645.65,
    "total": 163940040.55,
    "address": "dfgghjkljhgfdfhgjhkjhmg",
    "reference": "BUY-956206945",
    "status": "confirmed",
    "createdAt": "2025-05-01T15:23:06.779Z"
  },
  {
    "coin": "bitcoin",
    "network": "ethereum",
    "currency": "ngn",
    "coinPrice": 156045571,
    "amount": "1",
    "bill": "156045571.00",
    "charges": 7802278.550000001,
    "total": 163848331.58,
    "address": "dfghmj,k.hmngbfvdc",
    "reference": "BUY-125155081",
    "status": "confirmed",
    "createdAt": "2025-05-01T16:15:02.100Z"
  },
  {
    "coin": "bitcoin",
    "network": "ethereum",
    "currency": "ngn",
    "coinPrice": 156045571,
    "amount": "1",
    "bill": "156045571.00",
    "charges": 7802278.550000001,
    "total": 163848331.58,
    "address": "deryjukyjthrgewdeujk",
    "reference": "BUY-96823508",
    "status": "confirmed",
    "createdAt": "2025-05-01T16:15:41.429Z"
  },
  {
    "coin": "bitcoin",
    "network": "ethereum",
    "currency": "ngn",
    "coinPrice": 156118641,
    "amount": "1",
    "bill": "156118641.00",
    "charges": 7805932.050000001,
    "total": 163925054.47,
    "address": "lkjhgbvfvbgvnmn",
    "reference": "BUY-557945013",
    "status": "confirmed",
    "createdAt": "2025-05-01T17:17:05.887Z"
  },
  {
    "coin": "bitcoin",
    "network": "ethereum",
    "currency": "ngn",
    "coinPrice": 156118641,
    "amount": "1",
    "bill": "156118641.00",
    "charges": 7805932.050000001,
    "total": 163925054.47,
    "address": "ikyujhtgrfrtyuikolikujhyg",
    "reference": "BUY-275756250",
    "status": "confirmed",
    "createdAt": "2025-05-01T17:17:38.498Z"
  },
  {
    "coin": "bitcoin",
    "network": "ethereum",
    "currency": "ngn",
    "coinPrice": 156150430,
    "amount": "1",
    "bill": "156150430.00",
    "charges": 7807521.5,
    "total": 163958432.93,
    "address": "cgkljhgfdgjhklkjhgfd",
    "reference": "BUY-882172566",
    "status": "confirmed",
    "createdAt": "2025-05-01T17:19:24.787Z"
  },
  {
    "coin": "bitcoin",
    "network": "ethereum",
    "currency": "ngn",
    "coinPrice": 156073707,
    "amount": "1",
    "bill": "156073707.00",
    "charges": 7803685.350000001,
    "total": 163877874.23999998,
    "address": "dfghkjhgfdf",
    "reference": "BUY-656242813",
    "status": "confirmed",
    "createdAt": "2025-05-01T17:27:43.516Z"
  },
  {
    "coin": "bitcoin",
    "network": "ethereum",
    "currency": "ngn",
    "coinPrice": 155965122,
    "amount": "1",
    "bill": "155965122.00",
    "charges": 7798256.100000001,
    "total": 163763859.42,
    "address": "dghklkjherhk.ghsdgjklkghsdtjhkl",
    "reference": "BUY-118139471",
    "status": "confirmed",
    "createdAt": "2025-05-01T17:29:15.488Z"
  },
  {
    "coin": "bitcoin",
    "network": "ethereum",
    "currency": "ngn",
    "coinPrice": 155502317,
    "amount": "1",
    "bill": "155502317.00",
    "charges": 7775115.850000001,
    "total": 163277914.73,
    "address": "fdgjhjhfgdhj,jhthjggehj",
    "reference": "BUY-463410029",
    "status": "confirmed",
    "createdAt": "2025-05-01T20:21:46.197Z"
  },
  {
    "coin": "bitcoin",
    "network": "ethereum",
    "currency": "ngn",
    "coinPrice": 155498062,
    "amount": "1",
    "bill": "155498062.00",
    "charges": 7774903.100000001,
    "total": 163273447.03,
    "address": "sdghjkkjhgesdghjkljhgasdfhgjkhgf",
    "reference": "BUY-512379005",
    "status": "confirmed",
    "createdAt": "2025-05-01T20:24:04.323Z"
  },
  {
    "coin": "the-open-network",
    "network": "ethereum",
    "currency": "ngn",
    "coinPrice": 5153.96,
    "amount": "1",
    "bill": "5153.96",
    "charges": 257.69800000000004,
    "total": 5893.328,
    "address": "hgtfdresdfghjnmkjhgfdsdfghj",
    "reference": "BUY-28468780",
    "status": "confirmed",
    "createdAt": "2025-05-02T08:59:57.431Z"
  },
  {
    "coin": "the-open-network",
    "network": "ethereum",
    "currency": "ngn",
    "coinPrice": 5153.96,
    "amount": "1",
    "bill": "5153.96",
    "charges": 257.69800000000004,
    "total": 5893.328,
    "address": "hgtfdresdfghjnmkjhgfdsdfghj",
    "reference": "BUY-916805421",
    "status": "confirmed",
    "createdAt": "2025-05-02T08:59:54.962Z"
  },
  {
    "coin": "bitcoin",
    "network": "tron",
    "currency": "ngn",
    "coinPrice": 167494981,
    "amount": "0.00000559",
    "bill": "937",
    "charges": 46.85,
    "total": 999.94,
    "address": "gsedhj,kjjhgfdgk.trsedrjg",
    "reference": "BUY-182852479",
    "status": "confirmed",
    "createdAt": "2025-05-11T16:35:46.671Z"
  },
  {
    "coin": "ethereum",
    "network": "ethereum",
    "currency": "ngn",
    "coinPrice": 4028524,
    "amount": "1",
    "bill": "4028524.00",
    "charges": 201426.2,
    "total": 4230432.19,
    "address": "rgklp;itgf",
    "reference": "BUY-76971615",
    "status": "confirmed",
    "createdAt": "2025-05-12T15:27:09.131Z"
  }
]